ID_MARCA,MARCA,ID_LINHA,LINHA,DATA_VENDA,QTD_VENDA
1,BOTICÁRIO,1,CABELOS,2018-3-27,9
4,VULT,1,CABELOS,2018-2-3,3
2,EUDORA,1,CABELOS,2018-10-21,7
2,EUDORA,4,SOLAR,2018-4-22,13
5,BELEZA NA WEB,3,MAQUIAGEM,2018-3-21,9
3,QUEM DISSE BERENICE,4,SOLAR,2018-10-25,16
1,BOTICÁRIO,5,HIDRATANTES,2018-2-23,11
4,VULT,4,SOLAR,2018-10-19,6
5,BELEZA NA WEB,4,SOLAR,2018-2-27,16
2,EUDORA,1,CABELOS,2018-4-19,5
3,QUEM DISSE BERENICE,5,HIDRATANTES,2018-6-4,10
5,BELEZA NA WEB,3,MAQUIAGEM,2018-4-7,6
1,BOTICÁRIO,5,HIDRATANTES,2018-7-23,18
3,QUEM DISSE BERENICE,4,SOLAR,2018-2-25,2
4,VULT,3,MAQUIAGEM,2018-1-16,19
2,EUDORA,3,MAQUIAGEM,2018-1-24,8
1,BOTICÁRIO,5,HIDRATANTES,2018-3-16,11
3,QUEM DISSE BERENICE,3,MAQUIAGEM,2018-8-27,16
4,VULT,5,HIDRATANTES,2018-10-28,17
1,BOTICÁRIO,3,MAQUIAGEM,2018-5-7,8
1,BOTICÁRIO,5,HIDRATANTES,2018-9-6,7
3,QUEM DISSE BERENICE,5,HIDRATANTES,2018-2-14,19
2,EUDORA,5,HIDRATANTES,2018-11-3,20
1,BOTICÁRIO,2,PERFUMARIA,2018-4-21,20
2,EUDORA,1,CABELOS,2018-5-29,2
2,EUDORA,3,MAQUIAGEM,2018-3-27,3
3,QUEM DISSE BERENICE,1,CABELOS,2018-6-5,17
2,EUDORA,3,MAQUIAGEM,2018-5-26,5
3,QUEM DISSE BERENICE,1,CABELOS,2018-5-16,7
4,VULT,3,MAQUIAGEM,2018-8-22,13
5,BELEZA NA WEB,2,PERFUMARIA,2018-8-3,14
3,QUEM DISSE BERENICE,2,PERFUMARIA,2018-5-9,2
2,EUDORA,1,CABELOS,2018-8-10,16
4,VULT,3,MAQUIAGEM,2018-6-13,19
2,EUDORA,2,PERFUMARIA,2018-7-26,7
3,QUEM DISSE BERENICE,3,MAQUIAGEM,2018-4-30,17
4,VULT,5,HIDRATANTES,2018-5-29,12
2,EUDORA,5,HIDRATANTES,2018-1-4,5
2,EUDORA,2,PERFUMARIA,2018-11-25,14
2,EUDORA,2,PERFUMARIA,2018-3-12,11
3,QUEM DISSE BERENICE,2,PERFUMARIA,2018-5-5,10
1,BOTICÁRIO,5,HIDRATANTES,2018-7-26,7
1,BOTICÁRIO,2,PERFUMARIA,2018-6-21,16
3,QUEM DISSE BERENICE,2,PERFUMARIA,2018-2-26,13
4,VULT,1,CABELOS,2018-9-25,9
5,BELEZA NA WEB,4,SOLAR,2018-5-9,20
2,EUDORA,3,MAQUIAGEM,2018-3-5,13
3,QUEM DISSE BERENICE,4,SOLAR,2018-11-15,15
1,BOTICÁRIO,4,SOLAR,2018-12-13,16
2,EUDORA,4,SOLAR,2018-10-25,7
1,BOTICÁRIO,1,CABELOS,2018-7-21,4
4,VULT,4,SOLAR,2018-6-13,3
3,QUEM DISSE BERENICE,3,MAQUIAGEM,2018-3-30,13
1,BOTICÁRIO,3,MAQUIAGEM,2018-8-25,1
2,EUDORA,1,CABELOS,2018-8-4,13
5,BELEZA NA WEB,5,HIDRATANTES,2018-3-24,10
3,QUEM DISSE BERENICE,4,SOLAR,2018-8-27,19
5,BELEZA NA WEB,3,MAQUIAGEM,2018-9-28,16
4,VULT,1,CABELOS,2018-11-29,13
2,EUDORA,2,PERFUMARIA,2018-8-11,10
5,BELEZA NA WEB,4,SOLAR,2018-1-31,17
5,BELEZA NA WEB,5,HIDRATANTES,2018-9-24,10
4,VULT,3,MAQUIAGEM,2018-3-7,2
5,BELEZA NA WEB,1,CABELOS,2018-6-4,17
3,QUEM DISSE BERENICE,1,CABELOS,2018-6-21,9
2,EUDORA,5,HIDRATANTES,2018-1-3,5
4,VULT,4,SOLAR,2018-10-26,2
3,QUEM DISSE BERENICE,1,CABELOS,2018-11-2,18
5,BELEZA NA WEB,5,HIDRATANTES,2018-9-26,6
3,QUEM DISSE BERENICE,1,CABELOS,2018-6-9,7
1,BOTICÁRIO,1,CABELOS,2018-8-5,17
2,EUDORA,1,CABELOS,2018-8-7,16
4,VULT,4,SOLAR,2018-9-29,9
1,BOTICÁRIO,4,SOLAR,2018-6-18,1
5,BELEZA NA WEB,4,SOLAR,2018-10-29,3
3,QUEM DISSE BERENICE,4,SOLAR,2018-1-22,1
3,QUEM DISSE BERENICE,1,CABELOS,2018-1-24,2
3,QUEM DISSE BERENICE,1,CABELOS,2018-11-2,14
5,BELEZA NA WEB,3,MAQUIAGEM,2018-12-23,3
4,VULT,2,PERFUMARIA,2018-5-5,19
1,BOTICÁRIO,4,SOLAR,2018-12-28,9
1,BOTICÁRIO,4,SOLAR,2018-7-27,4
5,BELEZA NA WEB,2,PERFUMARIA,2018-9-30,17
3,QUEM DISSE BERENICE,1,CABELOS,2018-4-2,17
2,EUDORA,2,PERFUMARIA,2018-2-3,14
2,EUDORA,4,SOLAR,2018-1-11,14
2,EUDORA,5,HIDRATANTES,2018-3-16,16
1,BOTICÁRIO,1,CABELOS,2018-1-25,13
5,BELEZA NA WEB,1,CABELOS,2018-4-27,10
1,BOTICÁRIO,2,PERFUMARIA,2018-6-9,16
2,EUDORA,4,SOLAR,2018-2-17,17
4,VULT,5,HIDRATANTES,2018-10-26,7
1,BOTICÁRIO,4,SOLAR,2018-4-10,10
4,VULT,4,SOLAR,2018-5-2,5
4,VULT,3,MAQUIAGEM,2018-3-13,13
1,BOTICÁRIO,2,PERFUMARIA,2018-5-11,19
4,VULT,4,SOLAR,2018-1-15,2
5,BELEZA NA WEB,2,PERFUMARIA,2018-8-20,10
1,BOTICÁRIO,4,SOLAR,2018-9-12,6
1,BOTICÁRIO,4,SOLAR,2018-12-10,10
3,QUEM DISSE BERENICE,3,MAQUIAGEM,2018-2-26,13
1,BOTICÁRIO,3,MAQUIAGEM,2018-7-18,5
2,EUDORA,1,CABELOS,2018-11-12,16
1,BOTICÁRIO,2,PERFUMARIA,2018-8-6,4
1,BOTICÁRIO,3,MAQUIAGEM,2018-7-20,5
3,QUEM DISSE BERENICE,1,CABELOS,2018-11-20,5
4,VULT,4,SOLAR,2018-12-23,3
1,BOTICÁRIO,1,CABELOS,2018-9-22,11
3,QUEM DISSE BERENICE,2,PERFUMARIA,2018-1-13,4
3,QUEM DISSE BERENICE,2,PERFUMARIA,2018-8-2,2
3,QUEM DISSE BERENICE,1,CABELOS,2018-10-12,4
5,BELEZA NA WEB,2,PERFUMARIA,2018-5-14,8
1,BOTICÁRIO,5,HIDRATANTES,2018-9-29,16
1,BOTICÁRIO,2,PERFUMARIA,2018-3-7,13
1,BOTICÁRIO,4,SOLAR,2018-12-28,1
5,BELEZA NA WEB,4,SOLAR,2018-7-19,15
3,QUEM DISSE BERENICE,4,SOLAR,2018-6-22,20
3,QUEM DISSE BERENICE,5,HIDRATANTES,2018-6-1,7
5,BELEZA NA WEB,2,PERFUMARIA,2018-7-4,19
1,BOTICÁRIO,3,MAQUIAGEM,2018-7-6,12
1,BOTICÁRIO,2,PERFUMARIA,2018-6-26,7
5,BELEZA NA WEB,1,CABELOS,2018-2-18,9
2,EUDORA,1,CABELOS,2018-10-12,5
4,VULT,3,MAQUIAGEM,2018-4-30,16
4,VULT,5,HIDRATANTES,2018-10-2,2
1,BOTICÁRIO,3,MAQUIAGEM,2018-11-27,12
5,BELEZA NA WEB,3,MAQUIAGEM,2018-10-12,2
4,VULT,1,CABELOS,2018-11-1,17
5,BELEZA NA WEB,5,HIDRATANTES,2018-6-26,8
5,BELEZA NA WEB,3,MAQUIAGEM,2018-11-23,1
2,EUDORA,3,MAQUIAGEM,2018-6-11,6
5,BELEZA NA WEB,2,PERFUMARIA,2018-8-18,7
5,BELEZA NA WEB,5,HIDRATANTES,2018-6-3,18
1,BOTICÁRIO,1,CABELOS,2018-7-9,18
2,EUDORA,5,HIDRATANTES,2018-11-5,10
1,BOTICÁRIO,2,PERFUMARIA,2018-3-25,1
4,VULT,2,PERFUMARIA,2018-3-23,11
5,BELEZA NA WEB,1,CABELOS,2018-3-1,4
4,VULT,5,HIDRATANTES,2018-6-14,8
1,BOTICÁRIO,3,MAQUIAGEM,2018-6-22,11
2,EUDORA,3,MAQUIAGEM,2018-5-18,10
1,BOTICÁRIO,5,HIDRATANTES,2018-4-15,2
5,BELEZA NA WEB,4,SOLAR,2018-10-22,18
5,BELEZA NA WEB,4,SOLAR,2018-1-1,2
5,BELEZA NA WEB,3,MAQUIAGEM,2018-10-5,15
2,EUDORA,4,SOLAR,2018-7-31,14
1,BOTICÁRIO,1,CABELOS,2018-3-11,16
2,EUDORA,1,CABELOS,2018-12-5,5
1,BOTICÁRIO,1,CABELOS,2018-5-11,3
2,EUDORA,2,PERFUMARIA,2018-8-24,11
2,EUDORA,1,CABELOS,2018-10-1,19
3,QUEM DISSE BERENICE,3,MAQUIAGEM,2018-8-9,18
2,EUDORA,5,HIDRATANTES,2018-1-1,8
4,VULT,1,CABELOS,2018-8-17,17
2,EUDORA,3,MAQUIAGEM,2018-1-15,14
5,BELEZA NA WEB,1,CABELOS,2018-12-11,16
3,QUEM DISSE BERENICE,2,PERFUMARIA,2018-10-29,4
5,BELEZA NA WEB,1,CABELOS,2018-10-22,5
5,BELEZA NA WEB,5,HIDRATANTES,2018-12-7,18
4,VULT,5,HIDRATANTES,2018-8-17,13
5,BELEZA NA WEB,3,MAQUIAGEM,2018-12-19,20
1,BOTICÁRIO,2,PERFUMARIA,2018-4-21,8
1,BOTICÁRIO,3,MAQUIAGEM,2018-12-1,7
1,BOTICÁRIO,3,MAQUIAGEM,2018-3-8,12
1,BOTICÁRIO,5,HIDRATANTES,2018-6-17,11
3,QUEM DISSE BERENICE,3,MAQUIAGEM,2018-5-27,4
1,BOTICÁRIO,4,SOLAR,2018-4-26,5
5,BELEZA NA WEB,3,MAQUIAGEM,2018-10-29,5
3,QUEM DISSE BERENICE,3,MAQUIAGEM,2018-5-10,5
3,QUEM DISSE BERENICE,1,CABELOS,2018-1-3,7
4,VULT,1,CABELOS,2018-1-12,6
2,EUDORA,1,CABELOS,2018-11-11,16
4,VULT,2,PERFUMARIA,2018-5-18,3
3,QUEM DISSE BERENICE,5,HIDRATANTES,2018-3-27,17
3,QUEM DISSE BERENICE,5,HIDRATANTES,2018-5-11,2
1,BOTICÁRIO,4,SOLAR,2018-12-9,9
2,EUDORA,3,MAQUIAGEM,2018-11-24,10
1,BOTICÁRIO,3,MAQUIAGEM,2018-8-12,19
5,BELEZA NA WEB,5,HIDRATANTES,2018-11-1,17
5,BELEZA NA WEB,3,MAQUIAGEM,2018-9-23,7
2,EUDORA,3,MAQUIAGEM,2018-2-18,18
5,BELEZA NA WEB,5,HIDRATANTES,2018-9-30,12
2,EUDORA,2,PERFUMARIA,2018-9-5,13
1,BOTICÁRIO,5,HIDRATANTES,2018-11-24,13
2,EUDORA,5,HIDRATANTES,2018-1-6,12
2,EUDORA,1,CABELOS,2018-3-27,4
2,EUDORA,1,CABELOS,2018-7-11,16
1,BOTICÁRIO,1,CABELOS,2018-10-8,17
5,BELEZA NA WEB,1,CABELOS,2018-3-12,20
2,EUDORA,2,PERFUMARIA,2018-11-11,15
1,BOTICÁRIO,5,HIDRATANTES,2018-7-9,19
4,VULT,5,HIDRATANTES,2018-12-28,18
5,BELEZA NA WEB,5,HIDRATANTES,2018-6-24,15
5,BELEZA NA WEB,3,MAQUIAGEM,2018-12-27,8
1,BOTICÁRIO,5,HIDRATANTES,2018-3-20,14
1,BOTICÁRIO,4,SOLAR,2018-10-3,2
2,EUDORA,2,PERFUMARIA,2018-12-20,4
5,BELEZA NA WEB,2,PERFUMARIA,2018-3-5,8
4,VULT,5,HIDRATANTES,2018-8-3,3
4,VULT,4,SOLAR,2018-12-2,11
2,EUDORA,1,CABELOS,2018-9-18,12
2,EUDORA,4,SOLAR,2018-10-1,8
4,VULT,3,MAQUIAGEM,2018-7-13,15
3,QUEM DISSE BERENICE,1,CABELOS,2018-7-1,16
3,QUEM DISSE BERENICE,1,CABELOS,2018-12-22,5
1,BOTICÁRIO,3,MAQUIAGEM,2018-1-2,17
4,VULT,3,MAQUIAGEM,2018-4-1,7
4,VULT,4,SOLAR,2018-4-8,4
1,BOTICÁRIO,3,MAQUIAGEM,2018-10-14,6
4,VULT,4,SOLAR,2018-4-28,11
3,QUEM DISSE BERENICE,5,HIDRATANTES,2018-5-10,5
3,QUEM DISSE BERENICE,2,PERFUMARIA,2018-10-31,7
2,EUDORA,5,HIDRATANTES,2018-11-20,12
3,QUEM DISSE BERENICE,5,HIDRATANTES,2018-12-25,4
1,BOTICÁRIO,3,MAQUIAGEM,2018-6-26,4
2,EUDORA,4,SOLAR,2018-10-27,19
5,BELEZA NA WEB,3,MAQUIAGEM,2018-3-6,6
5,BELEZA NA WEB,2,PERFUMARIA,2018-8-9,15
5,BELEZA NA WEB,2,PERFUMARIA,2018-12-19,17
2,EUDORA,4,SOLAR,2018-11-23,8
4,VULT,3,MAQUIAGEM,2018-12-4,6
4,VULT,1,CABELOS,2018-12-1,10
4,VULT,4,SOLAR,2018-9-29,15
4,VULT,3,MAQUIAGEM,2018-7-7,5
3,QUEM DISSE BERENICE,2,PERFUMARIA,2018-1-24,16
5,BELEZA NA WEB,4,SOLAR,2018-1-7,4
4,VULT,4,SOLAR,2018-2-9,8
1,BOTICÁRIO,2,PERFUMARIA,2018-5-28,6
4,VULT,3,MAQUIAGEM,2018-6-21,8
5,BELEZA NA WEB,3,MAQUIAGEM,2018-9-30,17
1,BOTICÁRIO,4,SOLAR,2018-10-29,19
3,QUEM DISSE BERENICE,3,MAQUIAGEM,2018-5-18,11
1,BOTICÁRIO,2,PERFUMARIA,2018-11-22,15
3,QUEM DISSE BERENICE,1,CABELOS,2018-3-28,5
3,QUEM DISSE BERENICE,5,HIDRATANTES,2018-10-30,12
1,BOTICÁRIO,3,MAQUIAGEM,2018-7-25,11
3,QUEM DISSE BERENICE,1,CABELOS,2018-9-12,16
3,QUEM DISSE BERENICE,5,HIDRATANTES,2018-10-3,14
3,QUEM DISSE BERENICE,1,CABELOS,2018-3-16,10
4,VULT,3,MAQUIAGEM,2018-8-13,15
2,EUDORA,1,CABELOS,2018-5-15,6
4,VULT,4,SOLAR,2018-5-13,15
5,BELEZA NA WEB,2,PERFUMARIA,2018-8-18,13
5,BELEZA NA WEB,2,PERFUMARIA,2018-6-26,15
1,BOTICÁRIO,1,CABELOS,2018-9-16,8
1,BOTICÁRIO,3,MAQUIAGEM,2018-11-7,12
2,EUDORA,5,HIDRATANTES,2018-4-16,18
1,BOTICÁRIO,1,CABELOS,2018-12-22,7
5,BELEZA NA WEB,3,MAQUIAGEM,2018-8-21,9
2,EUDORA,1,CABELOS,2018-5-1,8
2,EUDORA,1,CABELOS,2018-5-15,20
1,BOTICÁRIO,1,CABELOS,2018-9-17,19
3,QUEM DISSE BERENICE,5,HIDRATANTES,2018-10-1,20
4,VULT,1,CABELOS,2018-4-12,4
3,QUEM DISSE BERENICE,5,HIDRATANTES,2018-9-13,8
1,BOTICÁRIO,5,HIDRATANTES,2018-11-21,7
3,QUEM DISSE BERENICE,3,MAQUIAGEM,2018-8-13,20
2,EUDORA,4,SOLAR,2018-10-16,12
3,QUEM DISSE BERENICE,3,MAQUIAGEM,2018-11-17,11
3,QUEM DISSE BERENICE,5,HIDRATANTES,2018-9-20,13
4,VULT,1,CABELOS,2018-12-5,9
4,VULT,5,HIDRATANTES,2018-5-15,5
5,BELEZA NA WEB,1,CABELOS,2018-12-2,16
1,BOTICÁRIO,5,HIDRATANTES,2018-9-21,14
5,BELEZA NA WEB,5,HIDRATANTES,2018-12-21,6
2,EUDORA,5,HIDRATANTES,2018-1-24,8
3,QUEM DISSE BERENICE,3,MAQUIAGEM,2018-12-18,3
1,BOTICÁRIO,5,HIDRATANTES,2018-8-19,10
5,BELEZA NA WEB,2,PERFUMARIA,2018-9-19,14
1,BOTICÁRIO,5,HIDRATANTES,2018-1-30,4
3,QUEM DISSE BERENICE,4,SOLAR,2018-12-12,20
4,VULT,2,PERFUMARIA,2018-9-22,17
5,BELEZA NA WEB,2,PERFUMARIA,2018-10-13,5
5,BELEZA NA WEB,4,SOLAR,2018-5-8,3
5,BELEZA NA WEB,3,MAQUIAGEM,2018-7-11,17
4,VULT,4,SOLAR,2018-6-26,9
1,BOTICÁRIO,2,PERFUMARIA,2018-5-8,16
2,EUDORA,3,MAQUIAGEM,2018-12-26,9
4,VULT,1,CABELOS,2018-12-19,2
5,BELEZA NA WEB,3,MAQUIAGEM,2018-12-31,5
3,QUEM DISSE BERENICE,1,CABELOS,2018-12-23,7
2,EUDORA,5,HIDRATANTES,2018-10-26,19
5,BELEZA NA WEB,4,SOLAR,2018-3-27,5
5,BELEZA NA WEB,2,PERFUMARIA,2018-3-25,11
3,QUEM DISSE BERENICE,5,HIDRATANTES,2018-6-5,17
5,BELEZA NA WEB,4,SOLAR,2018-12-14,10
5,BELEZA NA WEB,1,CABELOS,2018-8-26,13
1,BOTICÁRIO,3,MAQUIAGEM,2018-10-25,20
4,VULT,5,HIDRATANTES,2018-9-23,11
2,EUDORA,2,PERFUMARIA,2018-1-23,15
3,QUEM DISSE BERENICE,5,HIDRATANTES,2018-4-27,10
5,BELEZA NA WEB,4,SOLAR,2018-8-29,18
2,EUDORA,1,CABELOS,2018-12-31,4
1,BOTICÁRIO,2,PERFUMARIA,2018-1-12,11
5,BELEZA NA WEB,1,CABELOS,2018-1-18,11
3,QUEM DISSE BERENICE,1,CABELOS,2018-10-4,6
5,BELEZA NA WEB,5,HIDRATANTES,2018-7-12,13
2,EUDORA,3,MAQUIAGEM,2018-8-23,2
3,QUEM DISSE BERENICE,3,MAQUIAGEM,2018-4-18,3
4,VULT,3,MAQUIAGEM,2018-7-12,9
5,BELEZA NA WEB,5,HIDRATANTES,2018-9-21,4
2,EUDORA,1,CABELOS,2018-8-7,7
5,BELEZA NA WEB,4,SOLAR,2018-11-13,2
3,QUEM DISSE BERENICE,4,SOLAR,2018-10-24,10
3,QUEM DISSE BERENICE,3,MAQUIAGEM,2018-5-23,8
1,BOTICÁRIO,5,HIDRATANTES,2018-2-20,19
2,EUDORA,3,MAQUIAGEM,2018-10-3,9
5,BELEZA NA WEB,5,HIDRATANTES,2018-2-11,6
1,BOTICÁRIO,2,PERFUMARIA,2018-11-4,20
5,BELEZA NA WEB,3,MAQUIAGEM,2018-9-14,17
4,VULT,1,CABELOS,2018-11-21,2
5,BELEZA NA WEB,2,PERFUMARIA,2018-1-18,2
2,EUDORA,2,PERFUMARIA,2018-5-23,7
4,VULT,4,SOLAR,2018-2-10,12
3,QUEM DISSE BERENICE,4,SOLAR,2018-11-26,10
5,BELEZA NA WEB,4,SOLAR,2018-12-10,3
4,VULT,5,HIDRATANTES,2018-5-31,10
3,QUEM DISSE BERENICE,5,HIDRATANTES,2018-10-1,12
2,EUDORA,4,SOLAR,2018-11-9,7
5,BELEZA NA WEB,1,CABELOS,2018-9-9,9
1,BOTICÁRIO,5,HIDRATANTES,2018-10-17,3
4,VULT,1,CABELOS,2018-1-21,15
5,BELEZA NA WEB,2,PERFUMARIA,2018-7-15,15
1,BOTICÁRIO,1,CABELOS,2018-8-16,18
1,BOTICÁRIO,1,CABELOS,2018-12-23,3
1,BOTICÁRIO,1,CABELOS,2018-8-18,7
1,BOTICÁRIO,4,SOLAR,2018-12-1,20
4,VULT,4,SOLAR,2018-3-4,17
5,BELEZA NA WEB,1,CABELOS,2018-1-18,1
4,VULT,2,PERFUMARIA,2018-6-22,15
2,EUDORA,5,HIDRATANTES,2018-11-19,11
3,QUEM DISSE BERENICE,2,PERFUMARIA,2018-9-18,2
1,BOTICÁRIO,3,MAQUIAGEM,2018-10-3,20
3,QUEM DISSE BERENICE,3,MAQUIAGEM,2018-4-23,2
3,QUEM DISSE BERENICE,4,SOLAR,2018-5-11,6
2,EUDORA,3,MAQUIAGEM,2018-12-11,19
3,QUEM DISSE BERENICE,4,SOLAR,2018-5-3,7
1,BOTICÁRIO,3,MAQUIAGEM,2018-7-21,20
3,QUEM DISSE BERENICE,1,CABELOS,2018-3-12,6
3,QUEM DISSE BERENICE,1,CABELOS,2018-12-14,14
5,BELEZA NA WEB,4,SOLAR,2018-3-2,8
2,EUDORA,2,PERFUMARIA,2018-4-15,11
1,BOTICÁRIO,1,CABELOS,2018-12-21,3
3,QUEM DISSE BERENICE,3,MAQUIAGEM,2018-12-17,11
3,QUEM DISSE BERENICE,2,PERFUMARIA,2018-5-23,4
5,BELEZA NA WEB,2,PERFUMARIA,2018-9-21,2
3,QUEM DISSE BERENICE,3,MAQUIAGEM,2018-1-28,16
4,VULT,3,MAQUIAGEM,2018-5-5,10
3,QUEM DISSE BERENICE,5,HIDRATANTES,2018-7-15,19
1,BOTICÁRIO,4,SOLAR,2018-9-19,9
4,VULT,5,HIDRATANTES,2018-8-10,20
5,BELEZA NA WEB,5,HIDRATANTES,2018-7-19,11
3,QUEM DISSE BERENICE,3,MAQUIAGEM,2018-10-13,2
2,EUDORA,2,PERFUMARIA,2018-8-19,9
5,BELEZA NA WEB,4,SOLAR,2018-2-21,9
1,BOTICÁRIO,4,SOLAR,2018-7-13,17
4,VULT,1,CABELOS,2018-9-3,17
2,EUDORA,3,MAQUIAGEM,2018-8-27,20
2,EUDORA,2,PERFUMARIA,2018-4-12,17
4,VULT,5,HIDRATANTES,2018-1-13,19
1,BOTICÁRIO,3,MAQUIAGEM,2018-8-23,15
2,EUDORA,2,PERFUMARIA,2018-5-1,17
3,QUEM DISSE BERENICE,3,MAQUIAGEM,2018-12-1,11
4,VULT,1,CABELOS,2018-9-21,12
2,EUDORA,5,HIDRATANTES,2018-1-5,8
3,QUEM DISSE BERENICE,5,HIDRATANTES,2018-7-13,15
2,EUDORA,4,SOLAR,2018-1-14,4
3,QUEM DISSE BERENICE,5,HIDRATANTES,2018-8-13,4
4,VULT,1,CABELOS,2018-2-23,9
2,EUDORA,3,MAQUIAGEM,2018-12-30,17
5,BELEZA NA WEB,3,MAQUIAGEM,2018-12-30,4
1,BOTICÁRIO,3,MAQUIAGEM,2018-5-2,9
3,QUEM DISSE BERENICE,3,MAQUIAGEM,2018-5-28,11
3,QUEM DISSE BERENICE,3,MAQUIAGEM,2018-8-31,15
2,EUDORA,5,HIDRATANTES,2018-2-7,10
5,BELEZA NA WEB,2,PERFUMARIA,2018-1-27,10
2,EUDORA,5,HIDRATANTES,2018-1-3,19
2,EUDORA,1,CABELOS,2018-11-26,18
2,EUDORA,1,CABELOS,2018-1-5,16
1,BOTICÁRIO,2,PERFUMARIA,2018-10-23,10
2,EUDORA,1,CABELOS,2018-4-14,6
1,BOTICÁRIO,1,CABELOS,2018-4-29,2
5,BELEZA NA WEB,2,PERFUMARIA,2018-8-15,13
3,QUEM DISSE BERENICE,2,PERFUMARIA,2018-7-31,2
4,VULT,5,HIDRATANTES,2018-2-5,20
4,VULT,2,PERFUMARIA,2018-10-20,4
1,BOTICÁRIO,1,CABELOS,2018-5-16,10
5,BELEZA NA WEB,1,CABELOS,2018-11-29,5
4,VULT,4,SOLAR,2018-2-7,2
4,VULT,3,MAQUIAGEM,2018-3-7,8
2,EUDORA,4,SOLAR,2018-7-6,16
5,BELEZA NA WEB,3,MAQUIAGEM,2018-2-13,9
4,VULT,2,PERFUMARIA,2018-9-22,20
2,EUDORA,3,MAQUIAGEM,2018-11-7,19
1,BOTICÁRIO,2,PERFUMARIA,2018-10-21,3
5,BELEZA NA WEB,5,HIDRATANTES,2018-9-24,6
4,VULT,4,SOLAR,2018-12-2,7
2,EUDORA,4,SOLAR,2018-12-29,16
2,EUDORA,1,CABELOS,2018-3-22,5
4,VULT,1,CABELOS,2018-11-1,17
3,QUEM DISSE BERENICE,4,SOLAR,2018-10-27,6
5,BELEZA NA WEB,3,MAQUIAGEM,2018-8-28,4
5,BELEZA NA WEB,2,PERFUMARIA,2018-10-11,10
2,EUDORA,2,PERFUMARIA,2018-6-8,4
3,QUEM DISSE BERENICE,3,MAQUIAGEM,2018-4-9,4
2,EUDORA,3,MAQUIAGEM,2018-7-19,6
5,BELEZA NA WEB,2,PERFUMARIA,2018-10-18,17
3,QUEM DISSE BERENICE,5,HIDRATANTES,2018-5-4,15
2,EUDORA,2,PERFUMARIA,2018-6-16,7
3,QUEM DISSE BERENICE,2,PERFUMARIA,2018-3-17,16
5,BELEZA NA WEB,1,CABELOS,2018-11-14,2
1,BOTICÁRIO,2,PERFUMARIA,2018-6-22,3
4,VULT,5,HIDRATANTES,2018-3-3,1
1,BOTICÁRIO,1,CABELOS,2018-9-25,9
3,QUEM DISSE BERENICE,5,HIDRATANTES,2018-12-24,14
4,VULT,1,CABELOS,2018-11-12,10
5,BELEZA NA WEB,4,SOLAR,2018-9-14,19
1,BOTICÁRIO,4,SOLAR,2018-5-23,12
2,EUDORA,5,HIDRATANTES,2018-3-25,15
4,VULT,1,CABELOS,2018-12-24,4
1,BOTICÁRIO,1,CABELOS,2018-10-6,12
5,BELEZA NA WEB,5,HIDRATANTES,2018-4-5,18
2,EUDORA,5,HIDRATANTES,2018-9-9,4
1,BOTICÁRIO,5,HIDRATANTES,2018-4-5,4
1,BOTICÁRIO,1,CABELOS,2018-12-24,16
2,EUDORA,4,SOLAR,2018-11-13,3
4,VULT,4,SOLAR,2018-1-5,12
2,EUDORA,2,PERFUMARIA,2018-11-20,10
1,BOTICÁRIO,1,CABELOS,2018-12-1,17
5,BELEZA NA WEB,4,SOLAR,2018-3-10,5
1,BOTICÁRIO,4,SOLAR,2018-3-25,13
1,BOTICÁRIO,3,MAQUIAGEM,2018-1-24,13
5,BELEZA NA WEB,5,HIDRATANTES,2018-1-6,14
2,EUDORA,3,MAQUIAGEM,2018-3-3,15
3,QUEM DISSE BERENICE,4,SOLAR,2018-1-13,10
5,BELEZA NA WEB,2,PERFUMARIA,2018-1-26,7
4,VULT,2,PERFUMARIA,2018-5-18,6
4,VULT,2,PERFUMARIA,2018-6-4,16
3,QUEM DISSE BERENICE,3,MAQUIAGEM,2018-1-5,3
5,BELEZA NA WEB,1,CABELOS,2018-1-19,6
3,QUEM DISSE BERENICE,2,PERFUMARIA,2018-6-11,14
3,QUEM DISSE BERENICE,3,MAQUIAGEM,2018-3-26,15
4,VULT,3,MAQUIAGEM,2018-2-22,13
3,QUEM DISSE BERENICE,3,MAQUIAGEM,2018-8-10,9
5,BELEZA NA WEB,5,HIDRATANTES,2018-5-6,20
4,VULT,4,SOLAR,2018-3-28,10
2,EUDORA,3,MAQUIAGEM,2018-9-3,16
3,QUEM DISSE BERENICE,1,CABELOS,2018-9-11,15
5,BELEZA NA WEB,3,MAQUIAGEM,2018-6-21,10
3,QUEM DISSE BERENICE,3,MAQUIAGEM,2018-11-30,13
4,VULT,5,HIDRATANTES,2018-9-2,1
1,BOTICÁRIO,2,PERFUMARIA,2018-9-22,3
4,VULT,1,CABELOS,2018-10-3,18
1,BOTICÁRIO,3,MAQUIAGEM,2018-2-24,5
4,VULT,2,PERFUMARIA,2018-2-20,10
1,BOTICÁRIO,1,CABELOS,2018-6-4,7
1,BOTICÁRIO,2,PERFUMARIA,2018-9-19,19
3,QUEM DISSE BERENICE,5,HIDRATANTES,2018-1-11,14
1,BOTICÁRIO,4,SOLAR,2018-7-1,11
2,EUDORA,3,MAQUIAGEM,2018-10-23,6
1,BOTICÁRIO,1,CABELOS,2018-1-20,12
3,QUEM DISSE BERENICE,1,CABELOS,2018-2-12,17
5,BELEZA NA WEB,4,SOLAR,2018-8-14,11
3,QUEM DISSE BERENICE,5,HIDRATANTES,2018-7-28,20
2,EUDORA,3,MAQUIAGEM,2018-6-11,3
4,VULT,2,PERFUMARIA,2018-12-12,20
5,BELEZA NA WEB,2,PERFUMARIA,2018-7-11,7
3,QUEM DISSE BERENICE,1,CABELOS,2018-1-22,8
5,BELEZA NA WEB,3,MAQUIAGEM,2018-8-13,6
1,BOTICÁRIO,4,SOLAR,2018-9-21,20
2,EUDORA,5,HIDRATANTES,2018-4-19,14
1,BOTICÁRIO,1,CABELOS,2018-5-14,19
1,BOTICÁRIO,2,PERFUMARIA,2018-3-18,4
2,EUDORA,3,MAQUIAGEM,2018-12-9,13
4,VULT,2,PERFUMARIA,2018-1-8,1
3,QUEM DISSE BERENICE,3,MAQUIAGEM,2018-7-22,19
5,BELEZA NA WEB,3,MAQUIAGEM,2018-4-18,3
4,VULT,1,CABELOS,2018-8-7,15
5,BELEZA NA WEB,1,CABELOS,2018-7-3,9
2,EUDORA,1,CABELOS,2018-12-1,1
5,BELEZA NA WEB,4,SOLAR,2018-7-26,7
4,VULT,4,SOLAR,2018-1-17,19
4,VULT,5,HIDRATANTES,2018-10-26,18
2,EUDORA,1,CABELOS,2018-5-29,20
5,BELEZA NA WEB,2,PERFUMARIA,2018-9-30,9
3,QUEM DISSE BERENICE,4,SOLAR,2018-3-31,2
5,BELEZA NA WEB,3,MAQUIAGEM,2018-4-19,11
3,QUEM DISSE BERENICE,5,HIDRATANTES,2018-6-12,9
3,QUEM DISSE BERENICE,5,HIDRATANTES,2018-11-29,11
5,BELEZA NA WEB,3,MAQUIAGEM,2018-5-25,17
5,BELEZA NA WEB,5,HIDRATANTES,2018-10-22,15
5,BELEZA NA WEB,3,MAQUIAGEM,2018-7-5,14
4,VULT,4,SOLAR,2018-3-24,11
4,VULT,2,PERFUMARIA,2018-12-1,13
4,VULT,1,CABELOS,2018-7-10,14
5,BELEZA NA WEB,4,SOLAR,2018-6-15,10
3,QUEM DISSE BERENICE,1,CABELOS,2018-9-10,20
5,BELEZA NA WEB,4,SOLAR,2018-2-13,13
1,BOTICÁRIO,5,HIDRATANTES,2018-5-12,12
2,EUDORA,1,CABELOS,2018-9-25,9
3,QUEM DISSE BERENICE,1,CABELOS,2018-1-28,7
5,BELEZA NA WEB,4,SOLAR,2018-2-25,11
5,BELEZA NA WEB,4,SOLAR,2018-10-22,6
2,EUDORA,5,HIDRATANTES,2018-8-2,1
1,BOTICÁRIO,4,SOLAR,2018-3-3,10
3,QUEM DISSE BERENICE,1,CABELOS,2018-2-6,5
4,VULT,3,MAQUIAGEM,2018-2-11,10
1,BOTICÁRIO,5,HIDRATANTES,2018-12-1,15
2,EUDORA,5,HIDRATANTES,2018-7-12,6
5,BELEZA NA WEB,5,HIDRATANTES,2018-8-7,18
4,VULT,3,MAQUIAGEM,2018-1-10,1
1,BOTICÁRIO,3,MAQUIAGEM,2018-1-7,14
5,BELEZA NA WEB,5,HIDRATANTES,2018-5-12,19
1,BOTICÁRIO,1,CABELOS,2018-6-6,4
2,EUDORA,3,MAQUIAGEM,2018-1-19,3
5,BELEZA NA WEB,3,MAQUIAGEM,2018-3-21,1
3,QUEM DISSE BERENICE,5,HIDRATANTES,2018-7-22,15
2,EUDORA,3,MAQUIAGEM,2018-9-22,14
5,BELEZA NA WEB,3,MAQUIAGEM,2018-8-10,3
2,EUDORA,5,HIDRATANTES,2018-4-29,13
3,QUEM DISSE BERENICE,5,HIDRATANTES,2018-5-15,12
4,VULT,3,MAQUIAGEM,2018-11-12,3
4,VULT,2,PERFUMARIA,2018-2-23,8
1,BOTICÁRIO,1,CABELOS,2018-9-24,18
4,VULT,3,MAQUIAGEM,2018-12-1,20
5,BELEZA NA WEB,5,HIDRATANTES,2018-10-27,14
1,BOTICÁRIO,5,HIDRATANTES,2018-1-13,13
1,BOTICÁRIO,4,SOLAR,2018-11-14,12
5,BELEZA NA WEB,2,PERFUMARIA,2018-3-10,3
1,BOTICÁRIO,2,PERFUMARIA,2018-7-3,10
3,QUEM DISSE BERENICE,3,MAQUIAGEM,2018-7-3,14
3,QUEM DISSE BERENICE,4,SOLAR,2018-3-3,1
2,EUDORA,1,CABELOS,2018-11-12,20
2,EUDORA,3,MAQUIAGEM,2018-12-31,19
1,BOTICÁRIO,2,PERFUMARIA,2018-1-8,8
5,BELEZA NA WEB,5,HIDRATANTES,2018-3-8,1
3,QUEM DISSE BERENICE,4,SOLAR,2018-10-14,16
2,EUDORA,1,CABELOS,2018-12-4,4
4,VULT,4,SOLAR,2018-9-9,19
3,QUEM DISSE BERENICE,2,PERFUMARIA,2018-10-25,18
2,EUDORA,1,CABELOS,2018-9-3,10
1,BOTICÁRIO,1,CABELOS,2018-1-10,15
3,QUEM DISSE BERENICE,2,PERFUMARIA,2018-5-27,9
2,EUDORA,5,HIDRATANTES,2018-6-8,14
3,QUEM DISSE BERENICE,3,MAQUIAGEM,2018-1-3,1
4,VULT,2,PERFUMARIA,2018-2-16,6
3,QUEM DISSE BERENICE,2,PERFUMARIA,2018-6-25,14
4,VULT,5,HIDRATANTES,2018-1-27,11
1,BOTICÁRIO,5,HIDRATANTES,2018-10-2,12
3,QUEM DISSE BERENICE,3,MAQUIAGEM,2018-7-2,17
3,QUEM DISSE BERENICE,5,HIDRATANTES,2018-4-5,5
3,QUEM DISSE BERENICE,5,HIDRATANTES,2018-10-17,4
3,QUEM DISSE BERENICE,3,MAQUIAGEM,2018-9-20,5
1,BOTICÁRIO,4,SOLAR,2018-9-22,13
1,BOTICÁRIO,3,MAQUIAGEM,2018-11-18,6
5,BELEZA NA WEB,5,HIDRATANTES,2018-11-8,12
4,VULT,3,MAQUIAGEM,2018-4-17,1
3,QUEM DISSE BERENICE,4,SOLAR,2018-10-30,14
1,BOTICÁRIO,2,PERFUMARIA,2018-4-27,17
5,BELEZA NA WEB,5,HIDRATANTES,2018-3-10,20
5,BELEZA NA WEB,1,CABELOS,2018-12-27,16
5,BELEZA NA WEB,2,PERFUMARIA,2018-11-11,8
2,EUDORA,5,HIDRATANTES,2018-2-13,19
5,BELEZA NA WEB,1,CABELOS,2018-6-4,1
2,EUDORA,3,MAQUIAGEM,2018-9-5,5
2,EUDORA,1,CABELOS,2018-1-2,12
4,VULT,4,SOLAR,2018-9-11,19
3,QUEM DISSE BERENICE,4,SOLAR,2018-2-22,19
1,BOTICÁRIO,5,HIDRATANTES,2018-5-24,11
4,VULT,3,MAQUIAGEM,2018-4-21,11
5,BELEZA NA WEB,1,CABELOS,2018-6-26,20
5,BELEZA NA WEB,1,CABELOS,2018-1-24,16
4,VULT,2,PERFUMARIA,2018-4-19,15
4,VULT,2,PERFUMARIA,2018-11-18,14
5,BELEZA NA WEB,5,HIDRATANTES,2018-11-19,4
2,EUDORA,1,CABELOS,2018-1-8,20
1,BOTICÁRIO,5,HIDRATANTES,2018-5-22,18
4,VULT,5,HIDRATANTES,2018-8-27,20
3,QUEM DISSE BERENICE,2,PERFUMARIA,2018-2-12,2
3,QUEM DISSE BERENICE,2,PERFUMARIA,2018-7-20,6
5,BELEZA NA WEB,1,CABELOS,2018-12-18,9
5,BELEZA NA WEB,2,PERFUMARIA,2018-1-12,13
1,BOTICÁRIO,2,PERFUMARIA,2018-10-20,13
4,VULT,4,SOLAR,2018-10-25,9
3,QUEM DISSE BERENICE,3,MAQUIAGEM,2018-1-26,3
4,VULT,1,CABELOS,2018-9-10,1
2,EUDORA,3,MAQUIAGEM,2018-3-7,18
2,EUDORA,5,HIDRATANTES,2018-3-4,11
2,EUDORA,1,CABELOS,2018-11-18,8
3,QUEM DISSE BERENICE,4,SOLAR,2018-8-14,12
5,BELEZA NA WEB,3,MAQUIAGEM,2018-11-19,14
3,QUEM DISSE BERENICE,1,CABELOS,2018-7-27,11
3,QUEM DISSE BERENICE,4,SOLAR,2018-5-2,9
1,BOTICÁRIO,3,MAQUIAGEM,2018-1-3,6
3,QUEM DISSE BERENICE,1,CABELOS,2018-4-29,19
4,VULT,4,SOLAR,2018-11-11,7
5,BELEZA NA WEB,4,SOLAR,2018-11-10,9
2,EUDORA,2,PERFUMARIA,2018-9-19,12
4,VULT,3,MAQUIAGEM,2018-8-13,10
5,BELEZA NA WEB,3,MAQUIAGEM,2018-7-21,14
3,QUEM DISSE BERENICE,2,PERFUMARIA,2018-12-12,2
1,BOTICÁRIO,1,CABELOS,2018-6-1,18
2,EUDORA,3,MAQUIAGEM,2018-6-19,13
3,QUEM DISSE BERENICE,3,MAQUIAGEM,2018-8-2,4
3,QUEM DISSE BERENICE,2,PERFUMARIA,2018-1-15,2
2,EUDORA,1,CABELOS,2018-2-26,10
5,BELEZA NA WEB,4,SOLAR,2018-10-1,5
5,BELEZA NA WEB,4,SOLAR,2018-10-1,3
1,BOTICÁRIO,5,HIDRATANTES,2018-2-13,7
5,BELEZA NA WEB,3,MAQUIAGEM,2018-11-19,6
1,BOTICÁRIO,4,SOLAR,2018-6-1,3
1,BOTICÁRIO,2,PERFUMARIA,2018-4-4,3
2,EUDORA,2,PERFUMARIA,2018-11-6,3
3,QUEM DISSE BERENICE,2,PERFUMARIA,2018-9-4,5
4,VULT,5,HIDRATANTES,2018-11-27,17
4,VULT,3,MAQUIAGEM,2018-6-23,5
5,BELEZA NA WEB,2,PERFUMARIA,2018-4-15,5
1,BOTICÁRIO,1,CABELOS,2018-3-26,16
3,QUEM DISSE BERENICE,2,PERFUMARIA,2018-12-16,5
3,QUEM DISSE BERENICE,5,HIDRATANTES,2018-1-22,16
4,VULT,1,CABELOS,2018-10-24,17
3,QUEM DISSE BERENICE,4,SOLAR,2018-11-13,1
3,QUEM DISSE BERENICE,1,CABELOS,2018-11-23,16
4,VULT,4,SOLAR,2018-9-29,11
2,EUDORA,3,MAQUIAGEM,2018-2-19,2
2,EUDORA,2,PERFUMARIA,2018-7-8,16
2,EUDORA,5,HIDRATANTES,2018-1-4,4
5,BELEZA NA WEB,3,MAQUIAGEM,2018-3-29,15
5,BELEZA NA WEB,1,CABELOS,2018-10-13,4
5,BELEZA NA WEB,4,SOLAR,2018-9-10,4
4,VULT,3,MAQUIAGEM,2018-6-8,2
4,VULT,1,CABELOS,2018-4-25,1
3,QUEM DISSE BERENICE,4,SOLAR,2018-5-26,18
4,VULT,4,SOLAR,2018-5-26,20
1,BOTICÁRIO,2,PERFUMARIA,2018-9-21,10
3,QUEM DISSE BERENICE,1,CABELOS,2018-6-23,19
5,BELEZA NA WEB,5,HIDRATANTES,2018-10-17,20
4,VULT,1,CABELOS,2018-7-8,6
5,BELEZA NA WEB,1,CABELOS,2018-6-6,11
3,QUEM DISSE BERENICE,3,MAQUIAGEM,2018-9-11,19
3,QUEM DISSE BERENICE,5,HIDRATANTES,2018-10-19,11
5,BELEZA NA WEB,5,HIDRATANTES,2018-1-8,1
5,BELEZA NA WEB,5,HIDRATANTES,2018-10-4,20
2,EUDORA,4,SOLAR,2018-8-14,4
5,BELEZA NA WEB,4,SOLAR,2018-5-1,2
2,EUDORA,3,MAQUIAGEM,2018-11-11,6
3,QUEM DISSE BERENICE,1,CABELOS,2018-1-4,13
5,BELEZA NA WEB,2,PERFUMARIA,2018-1-25,1
4,VULT,2,PERFUMARIA,2018-4-13,16
2,EUDORA,1,CABELOS,2018-6-25,6
5,BELEZA NA WEB,2,PERFUMARIA,2018-7-19,12
3,QUEM DISSE BERENICE,3,MAQUIAGEM,2018-7-10,13
1,BOTICÁRIO,3,MAQUIAGEM,2018-12-22,19
3,QUEM DISSE BERENICE,2,PERFUMARIA,2018-7-31,5
4,VULT,5,HIDRATANTES,2018-11-11,4
2,EUDORA,5,HIDRATANTES,2018-2-12,17
1,BOTICÁRIO,4,SOLAR,2018-8-24,6
5,BELEZA NA WEB,3,MAQUIAGEM,2018-5-17,4
2,EUDORA,3,MAQUIAGEM,2018-10-1,9
1,BOTICÁRIO,2,PERFUMARIA,2018-10-12,1
3,QUEM DISSE BERENICE,5,HIDRATANTES,2018-4-19,18
3,QUEM DISSE BERENICE,2,PERFUMARIA,2018-2-28,4
2,EUDORA,4,SOLAR,2018-8-30,6
5,BELEZA NA WEB,2,PERFUMARIA,2018-8-30,1
2,EUDORA,5,HIDRATANTES,2018-2-19,17
4,VULT,5,HIDRATANTES,2018-3-19,17
3,QUEM DISSE BERENICE,4,SOLAR,2018-4-2,10
2,EUDORA,1,CABELOS,2018-4-10,20
1,BOTICÁRIO,2,PERFUMARIA,2018-2-1,20
5,BELEZA NA WEB,4,SOLAR,2018-9-14,9
4,VULT,4,SOLAR,2018-8-19,6
3,QUEM DISSE BERENICE,2,PERFUMARIA,2018-5-30,11
2,EUDORA,5,HIDRATANTES,2018-10-20,6
3,QUEM DISSE BERENICE,1,CABELOS,2018-6-3,7
5,BELEZA NA WEB,3,MAQUIAGEM,2018-5-28,10
2,EUDORA,1,CABELOS,2018-8-15,8
5,BELEZA NA WEB,4,SOLAR,2018-6-1,10
2,EUDORA,4,SOLAR,2018-4-13,20
3,QUEM DISSE BERENICE,5,HIDRATANTES,2018-7-5,4
2,EUDORA,4,SOLAR,2018-4-12,15
4,VULT,1,CABELOS,2018-8-16,2
4,VULT,5,HIDRATANTES,2018-4-7,8
4,VULT,3,MAQUIAGEM,2018-7-9,16
3,QUEM DISSE BERENICE,3,MAQUIAGEM,2018-5-29,4
1,BOTICÁRIO,5,HIDRATANTES,2018-3-2,12
1,BOTICÁRIO,4,SOLAR,2018-4-11,18
4,VULT,2,PERFUMARIA,2018-11-14,8
3,QUEM DISSE BERENICE,5,HIDRATANTES,2018-1-27,4
4,VULT,2,PERFUMARIA,2018-5-7,7
1,BOTICÁRIO,4,SOLAR,2018-1-2,3
5,BELEZA NA WEB,3,MAQUIAGEM,2018-1-15,13
2,EUDORA,3,MAQUIAGEM,2018-10-10,16
4,VULT,2,PERFUMARIA,2018-10-13,3
2,EUDORA,2,PERFUMARIA,2018-11-12,12
3,QUEM DISSE BERENICE,3,MAQUIAGEM,2018-4-14,11
5,BELEZA NA WEB,5,HIDRATANTES,2018-6-5,7
2,EUDORA,4,SOLAR,2018-12-15,6
4,VULT,5,HIDRATANTES,2018-9-11,1
5,BELEZA NA WEB,2,PERFUMARIA,2018-8-8,2
3,QUEM DISSE BERENICE,5,HIDRATANTES,2018-3-3,7
2,EUDORA,5,HIDRATANTES,2018-11-6,14
5,BELEZA NA WEB,1,CABELOS,2018-6-21,12
4,VULT,4,SOLAR,2018-4-7,14
2,EUDORA,1,CABELOS,2018-1-29,2
3,QUEM DISSE BERENICE,5,HIDRATANTES,2018-8-14,2
2,EUDORA,4,SOLAR,2018-12-10,3
2,EUDORA,1,CABELOS,2018-1-16,1
4,VULT,2,PERFUMARIA,2018-9-29,3
2,EUDORA,5,HIDRATANTES,2018-9-13,8
2,EUDORA,4,SOLAR,2018-4-7,5
2,EUDORA,4,SOLAR,2018-1-26,12
1,BOTICÁRIO,5,HIDRATANTES,2018-8-14,15
3,QUEM DISSE BERENICE,5,HIDRATANTES,2018-2-23,10
3,QUEM DISSE BERENICE,1,CABELOS,2018-5-12,17
4,VULT,3,MAQUIAGEM,2018-5-31,14
5,BELEZA NA WEB,2,PERFUMARIA,2018-4-10,14
1,BOTICÁRIO,4,SOLAR,2018-10-5,1
5,BELEZA NA WEB,5,HIDRATANTES,2018-10-14,13
3,QUEM DISSE BERENICE,2,PERFUMARIA,2018-6-9,4
5,BELEZA NA WEB,5,HIDRATANTES,2018-5-4,14
3,QUEM DISSE BERENICE,1,CABELOS,2018-4-22,5
1,BOTICÁRIO,5,HIDRATANTES,2018-8-7,8
3,QUEM DISSE BERENICE,3,MAQUIAGEM,2018-5-4,1
1,BOTICÁRIO,1,CABELOS,2018-8-3,14
1,BOTICÁRIO,1,CABELOS,2018-9-4,16
1,BOTICÁRIO,1,CABELOS,2018-3-6,4
5,BELEZA NA WEB,3,MAQUIAGEM,2018-10-28,1
1,BOTICÁRIO,5,HIDRATANTES,2018-6-12,4
4,VULT,1,CABELOS,2018-7-6,10
2,EUDORA,5,HIDRATANTES,2018-8-20,14
2,EUDORA,2,PERFUMARIA,2018-7-3,3
4,VULT,2,PERFUMARIA,2018-7-22,9
1,BOTICÁRIO,2,PERFUMARIA,2018-10-16,3
3,QUEM DISSE BERENICE,4,SOLAR,2018-11-7,17
2,EUDORA,4,SOLAR,2018-3-3,8
5,BELEZA NA WEB,1,CABELOS,2018-1-18,7
1,BOTICÁRIO,3,MAQUIAGEM,2018-4-6,1
2,EUDORA,2,PERFUMARIA,2018-3-15,9
2,EUDORA,3,MAQUIAGEM,2018-12-19,13
4,VULT,2,PERFUMARIA,2018-12-3,8
2,EUDORA,5,HIDRATANTES,2018-7-10,10
2,EUDORA,4,SOLAR,2018-6-3,3
4,VULT,4,SOLAR,2018-9-3,5
3,QUEM DISSE BERENICE,1,CABELOS,2018-5-23,20
5,BELEZA NA WEB,1,CABELOS,2018-3-23,2
1,BOTICÁRIO,3,MAQUIAGEM,2018-2-11,13
1,BOTICÁRIO,4,SOLAR,2018-2-21,5
5,BELEZA NA WEB,2,PERFUMARIA,2018-12-18,15
2,EUDORA,1,CABELOS,2018-5-8,15
4,VULT,4,SOLAR,2018-8-17,12
2,EUDORA,2,PERFUMARIA,2018-10-31,12
1,BOTICÁRIO,5,HIDRATANTES,2018-10-20,17
5,BELEZA NA WEB,5,HIDRATANTES,2018-7-18,10
5,BELEZA NA WEB,5,HIDRATANTES,2018-4-23,10
5,BELEZA NA WEB,3,MAQUIAGEM,2018-3-6,3
1,BOTICÁRIO,2,PERFUMARIA,2018-9-13,13
2,EUDORA,1,CABELOS,2018-2-13,6
1,BOTICÁRIO,5,HIDRATANTES,2018-10-28,1
4,VULT,3,MAQUIAGEM,2018-3-5,10
5,BELEZA NA WEB,4,SOLAR,2018-12-2,11
3,QUEM DISSE BERENICE,5,HIDRATANTES,2018-3-9,9
5,BELEZA NA WEB,4,SOLAR,2018-3-18,15
3,QUEM DISSE BERENICE,5,HIDRATANTES,2018-1-19,9
4,VULT,3,MAQUIAGEM,2018-2-27,3
5,BELEZA NA WEB,2,PERFUMARIA,2018-1-30,6
1,BOTICÁRIO,2,PERFUMARIA,2018-6-30,6
2,EUDORA,1,CABELOS,2018-7-12,15
1,BOTICÁRIO,4,SOLAR,2018-3-29,2
1,BOTICÁRIO,1,CABELOS,2018-9-17,15
1,BOTICÁRIO,2,PERFUMARIA,2018-6-21,7
2,EUDORA,5,HIDRATANTES,2018-3-1,11
5,BELEZA NA WEB,1,CABELOS,2018-6-19,5
3,QUEM DISSE BERENICE,4,SOLAR,2018-5-8,17
5,BELEZA NA WEB,1,CABELOS,2018-8-24,11
1,BOTICÁRIO,1,CABELOS,2018-11-8,4
1,BOTICÁRIO,5,HIDRATANTES,2018-11-4,17
2,EUDORA,4,SOLAR,2018-11-5,16
2,EUDORA,4,SOLAR,2018-4-12,7
5,BELEZA NA WEB,2,PERFUMARIA,2018-4-1,3
5,BELEZA NA WEB,3,MAQUIAGEM,2018-4-13,18
3,QUEM DISSE BERENICE,2,PERFUMARIA,2018-6-6,11
2,EUDORA,4,SOLAR,2018-1-31,3
4,VULT,4,SOLAR,2018-7-4,3
5,BELEZA NA WEB,4,SOLAR,2018-9-1,14
4,VULT,1,CABELOS,2018-12-30,12
5,BELEZA NA WEB,5,HIDRATANTES,2018-12-26,11
4,VULT,5,HIDRATANTES,2018-10-8,9
3,QUEM DISSE BERENICE,3,MAQUIAGEM,2018-10-21,17
3,QUEM DISSE BERENICE,3,MAQUIAGEM,2018-2-25,10
5,BELEZA NA WEB,1,CABELOS,2018-12-13,15
5,BELEZA NA WEB,5,HIDRATANTES,2018-7-28,19
5,BELEZA NA WEB,1,CABELOS,2018-10-31,18
4,VULT,4,SOLAR,2018-5-7,6
5,BELEZA NA WEB,4,SOLAR,2018-5-18,14
2,EUDORA,1,CABELOS,2018-11-1,14
5,BELEZA NA WEB,4,SOLAR,2018-9-28,5
5,BELEZA NA WEB,2,PERFUMARIA,2018-11-12,17
5,BELEZA NA WEB,2,PERFUMARIA,2018-12-5,20
1,BOTICÁRIO,4,SOLAR,2018-3-3,1
3,QUEM DISSE BERENICE,1,CABELOS,2018-11-26,16
1,BOTICÁRIO,5,HIDRATANTES,2018-10-24,1
2,EUDORA,5,HIDRATANTES,2018-5-22,8
2,EUDORA,4,SOLAR,2018-9-7,7
5,BELEZA NA WEB,1,CABELOS,2018-5-7,19
3,QUEM DISSE BERENICE,3,MAQUIAGEM,2018-12-14,2
1,BOTICÁRIO,1,CABELOS,2018-3-6,19
1,BOTICÁRIO,1,CABELOS,2018-1-13,19
1,BOTICÁRIO,3,MAQUIAGEM,2018-12-18,7
1,BOTICÁRIO,3,MAQUIAGEM,2018-4-25,19
3,QUEM DISSE BERENICE,2,PERFUMARIA,2018-1-21,9
2,EUDORA,3,MAQUIAGEM,2018-10-31,17
4,VULT,5,HIDRATANTES,2018-6-13,20
5,BELEZA NA WEB,3,MAQUIAGEM,2018-8-29,6
2,EUDORA,5,HIDRATANTES,2018-4-20,6
4,VULT,3,MAQUIAGEM,2018-4-6,18
2,EUDORA,5,HIDRATANTES,2018-10-26,16
3,QUEM DISSE BERENICE,5,HIDRATANTES,2018-9-14,4
5,BELEZA NA WEB,1,CABELOS,2018-7-26,20
3,QUEM DISSE BERENICE,4,SOLAR,2018-1-28,14
5,BELEZA NA WEB,2,PERFUMARIA,2018-7-31,4
4,VULT,4,SOLAR,2018-9-3,1
1,BOTICÁRIO,4,SOLAR,2018-8-31,20
4,VULT,4,SOLAR,2018-2-21,15
5,BELEZA NA WEB,4,SOLAR,2018-4-28,10
1,BOTICÁRIO,1,CABELOS,2018-7-30,14
2,EUDORA,1,CABELOS,2018-4-21,9
4,VULT,5,HIDRATANTES,2018-3-3,9
3,QUEM DISSE BERENICE,4,SOLAR,2018-11-15,17
5,BELEZA NA WEB,2,PERFUMARIA,2018-10-30,17
2,EUDORA,4,SOLAR,2018-1-3,8
3,QUEM DISSE BERENICE,3,MAQUIAGEM,2018-2-6,11
2,EUDORA,3,MAQUIAGEM,2018-8-16,16
1,BOTICÁRIO,5,HIDRATANTES,2018-5-21,3
2,EUDORA,4,SOLAR,2018-7-31,14
1,BOTICÁRIO,4,SOLAR,2018-10-14,18
5,BELEZA NA WEB,5,HIDRATANTES,2018-4-13,14
1,BOTICÁRIO,3,MAQUIAGEM,2018-11-3,15
3,QUEM DISSE BERENICE,5,HIDRATANTES,2018-7-10,14
1,BOTICÁRIO,1,CABELOS,2018-5-24,13
5,BELEZA NA WEB,5,HIDRATANTES,2018-6-2,20
2,EUDORA,3,MAQUIAGEM,2018-12-11,6
1,BOTICÁRIO,4,SOLAR,2018-8-2,15
5,BELEZA NA WEB,3,MAQUIAGEM,2018-8-22,3
1,BOTICÁRIO,2,PERFUMARIA,2018-5-7,4
5,BELEZA NA WEB,1,CABELOS,2018-10-4,7
1,BOTICÁRIO,5,HIDRATANTES,2018-3-19,7
3,QUEM DISSE BERENICE,1,CABELOS,2018-3-19,14
3,QUEM DISSE BERENICE,1,CABELOS,2018-2-7,9
5,BELEZA NA WEB,1,CABELOS,2018-8-12,2
2,EUDORA,2,PERFUMARIA,2018-9-16,7
5,BELEZA NA WEB,5,HIDRATANTES,2018-4-14,4
3,QUEM DISSE BERENICE,2,PERFUMARIA,2018-2-21,8
1,BOTICÁRIO,1,CABELOS,2018-12-10,17
3,QUEM DISSE BERENICE,4,SOLAR,2018-7-26,1
2,EUDORA,2,PERFUMARIA,2018-7-15,18
3,QUEM DISSE BERENICE,3,MAQUIAGEM,2018-4-7,8
3,QUEM DISSE BERENICE,5,HIDRATANTES,2018-9-26,12
4,VULT,5,HIDRATANTES,2018-11-7,4
1,BOTICÁRIO,3,MAQUIAGEM,2018-7-31,8
2,EUDORA,4,SOLAR,2018-6-25,9
4,VULT,1,CABELOS,2018-8-23,12
2,EUDORA,5,HIDRATANTES,2018-10-26,6
5,BELEZA NA WEB,4,SOLAR,2018-8-11,12
5,BELEZA NA WEB,5,HIDRATANTES,2018-2-2,11
4,VULT,5,HIDRATANTES,2018-12-5,13
3,QUEM DISSE BERENICE,3,MAQUIAGEM,2018-10-1,13
4,VULT,3,MAQUIAGEM,2018-5-1,16
1,BOTICÁRIO,1,CABELOS,2018-10-23,20
5,BELEZA NA WEB,4,SOLAR,2018-5-17,17
3,QUEM DISSE BERENICE,2,PERFUMARIA,2018-8-24,11
5,BELEZA NA WEB,2,PERFUMARIA,2018-3-11,19
5,BELEZA NA WEB,5,HIDRATANTES,2018-11-16,13
2,EUDORA,3,MAQUIAGEM,2018-12-20,14
1,BOTICÁRIO,2,PERFUMARIA,2018-6-19,3
3,QUEM DISSE BERENICE,1,CABELOS,2018-11-12,13
4,VULT,3,MAQUIAGEM,2018-3-3,16
1,BOTICÁRIO,1,CABELOS,2018-11-20,14
2,EUDORA,5,HIDRATANTES,2018-1-23,14
4,VULT,2,PERFUMARIA,2018-7-6,15
1,BOTICÁRIO,5,HIDRATANTES,2018-10-27,12
4,VULT,1,CABELOS,2018-2-18,11
3,QUEM DISSE BERENICE,2,PERFUMARIA,2018-6-26,5
3,QUEM DISSE BERENICE,3,MAQUIAGEM,2018-5-25,16
3,QUEM DISSE BERENICE,3,MAQUIAGEM,2018-12-18,9
1,BOTICÁRIO,4,SOLAR,2018-6-3,15
1,BOTICÁRIO,4,SOLAR,2018-1-1,1
1,BOTICÁRIO,1,CABELOS,2018-12-2,9
1,BOTICÁRIO,3,MAQUIAGEM,2018-3-23,6
3,QUEM DISSE BERENICE,3,MAQUIAGEM,2018-2-20,4
4,VULT,1,CABELOS,2018-12-4,4
1,BOTICÁRIO,3,MAQUIAGEM,2018-11-12,9
5,BELEZA NA WEB,5,HIDRATANTES,2018-4-13,1
3,QUEM DISSE BERENICE,2,PERFUMARIA,2018-4-14,12
1,BOTICÁRIO,3,MAQUIAGEM,2018-8-1,16
4,VULT,3,MAQUIAGEM,2018-7-8,6
5,BELEZA NA WEB,5,HIDRATANTES,2018-9-4,8
3,QUEM DISSE BERENICE,3,MAQUIAGEM,2018-3-2,16
2,EUDORA,1,CABELOS,2018-1-29,5
2,EUDORA,2,PERFUMARIA,2018-7-1,10
2,EUDORA,1,CABELOS,2018-1-19,2
1,BOTICÁRIO,4,SOLAR,2018-6-20,3
5,BELEZA NA WEB,1,CABELOS,2018-6-24,4
1,BOTICÁRIO,5,HIDRATANTES,2018-4-19,12
3,QUEM DISSE BERENICE,3,MAQUIAGEM,2018-3-25,4
2,EUDORA,1,CABELOS,2018-4-4,7
2,EUDORA,1,CABELOS,2018-8-9,1
3,QUEM DISSE BERENICE,5,HIDRATANTES,2018-12-20,5
2,EUDORA,2,PERFUMARIA,2018-10-9,5
5,BELEZA NA WEB,2,PERFUMARIA,2018-7-25,8
2,EUDORA,3,MAQUIAGEM,2018-3-19,17
1,BOTICÁRIO,1,CABELOS,2018-3-22,8
5,BELEZA NA WEB,4,SOLAR,2018-1-29,19
4,VULT,3,MAQUIAGEM,2018-7-19,14
3,QUEM DISSE BERENICE,4,SOLAR,2018-4-7,8
4,VULT,4,SOLAR,2018-2-17,4
4,VULT,5,HIDRATANTES,2018-2-7,6
2,EUDORA,3,MAQUIAGEM,2018-1-4,8
1,BOTICÁRIO,2,PERFUMARIA,2018-11-29,12
5,BELEZA NA WEB,2,PERFUMARIA,2018-10-14,19
3,QUEM DISSE BERENICE,3,MAQUIAGEM,2018-11-20,14
4,VULT,1,CABELOS,2018-4-24,10
4,VULT,4,SOLAR,2018-4-29,6
5,BELEZA NA WEB,3,MAQUIAGEM,2018-10-26,17
3,QUEM DISSE BERENICE,5,HIDRATANTES,2018-1-13,14
3,QUEM DISSE BERENICE,3,MAQUIAGEM,2018-3-3,10
5,BELEZA NA WEB,2,PERFUMARIA,2018-8-10,7
5,BELEZA NA WEB,4,SOLAR,2018-6-22,8
3,QUEM DISSE BERENICE,3,MAQUIAGEM,2018-5-24,19
3,QUEM DISSE BERENICE,5,HIDRATANTES,2018-11-7,1
2,EUDORA,2,PERFUMARIA,2018-11-8,4
5,BELEZA NA WEB,5,HIDRATANTES,2018-5-18,4
1,BOTICÁRIO,4,SOLAR,2018-7-11,6
1,BOTICÁRIO,4,SOLAR,2018-2-18,15
4,VULT,3,MAQUIAGEM,2018-9-8,18
3,QUEM DISSE BERENICE,4,SOLAR,2018-8-4,18
3,QUEM DISSE BERENICE,1,CABELOS,2018-12-1,3
5,BELEZA NA WEB,5,HIDRATANTES,2018-4-8,15
2,EUDORA,1,CABELOS,2018-8-3,20
5,BELEZA NA WEB,1,CABELOS,2018-7-11,14
4,VULT,4,SOLAR,2018-2-2,13
2,EUDORA,2,PERFUMARIA,2018-6-25,14
5,BELEZA NA WEB,2,PERFUMARIA,2018-11-16,7
4,VULT,5,HIDRATANTES,2018-11-6,17
3,QUEM DISSE BERENICE,3,MAQUIAGEM,2018-2-20,14
2,EUDORA,4,SOLAR,2018-6-30,17
1,BOTICÁRIO,1,CABELOS,2018-2-25,8
5,BELEZA NA WEB,5,HIDRATANTES,2018-10-12,6
2,EUDORA,2,PERFUMARIA,2018-11-1,14
4,VULT,4,SOLAR,2018-1-6,16
1,BOTICÁRIO,4,SOLAR,2018-1-18,17
1,BOTICÁRIO,5,HIDRATANTES,2018-2-22,7
2,EUDORA,4,SOLAR,2018-9-19,6
5,BELEZA NA WEB,4,SOLAR,2018-2-6,14
3,QUEM DISSE BERENICE,3,MAQUIAGEM,2018-5-13,1
1,BOTICÁRIO,1,CABELOS,2018-11-24,6
1,BOTICÁRIO,1,CABELOS,2018-10-15,15
1,BOTICÁRIO,3,MAQUIAGEM,2018-6-30,1
5,BELEZA NA WEB,2,PERFUMARIA,2018-7-15,10
3,QUEM DISSE BERENICE,4,SOLAR,2018-10-23,11
1,BOTICÁRIO,5,HIDRATANTES,2018-4-11,14
1,BOTICÁRIO,2,PERFUMARIA,2018-12-17,10
5,BELEZA NA WEB,2,PERFUMARIA,2018-10-7,17
3,QUEM DISSE BERENICE,2,PERFUMARIA,2018-7-4,3
1,BOTICÁRIO,4,SOLAR,2018-12-6,4
5,BELEZA NA WEB,1,CABELOS,2018-5-30,9
1,BOTICÁRIO,2,PERFUMARIA,2018-1-26,15
4,VULT,4,SOLAR,2018-9-18,7
4,VULT,4,SOLAR,2018-1-3,11
2,EUDORA,4,SOLAR,2018-1-29,13
1,BOTICÁRIO,1,CABELOS,2018-1-18,11
1,BOTICÁRIO,5,HIDRATANTES,2018-12-20,5
4,VULT,4,SOLAR,2018-10-13,11
4,VULT,1,CABELOS,2018-10-24,16
3,QUEM DISSE BERENICE,2,PERFUMARIA,2018-9-20,15
3,QUEM DISSE BERENICE,3,MAQUIAGEM,2018-11-20,3
1,BOTICÁRIO,2,PERFUMARIA,2018-10-26,5
2,EUDORA,2,PERFUMARIA,2018-9-8,20
4,VULT,3,MAQUIAGEM,2018-5-8,3
2,EUDORA,1,CABELOS,2018-1-17,3
3,QUEM DISSE BERENICE,1,CABELOS,2018-12-6,10
1,BOTICÁRIO,3,MAQUIAGEM,2018-8-19,13
3,QUEM DISSE BERENICE,3,MAQUIAGEM,2018-9-2,9
4,VULT,4,SOLAR,2018-1-12,10
3,QUEM DISSE BERENICE,2,PERFUMARIA,2018-12-14,19
1,BOTICÁRIO,4,SOLAR,2018-12-21,5
3,QUEM DISSE BERENICE,2,PERFUMARIA,2018-6-17,7
3,QUEM DISSE BERENICE,4,SOLAR,2018-9-12,6
3,QUEM DISSE BERENICE,1,CABELOS,2018-6-29,5
3,QUEM DISSE BERENICE,4,SOLAR,2018-7-1,3
4,VULT,2,PERFUMARIA,2018-2-28,5
4,VULT,5,HIDRATANTES,2018-12-3,19
1,BOTICÁRIO,2,PERFUMARIA,2018-9-30,11
1,BOTICÁRIO,2,PERFUMARIA,2018-10-19,16
5,BELEZA NA WEB,3,MAQUIAGEM,2018-4-20,3
4,VULT,5,HIDRATANTES,2018-3-12,18
1,BOTICÁRIO,4,SOLAR,2018-7-9,16
5,BELEZA NA WEB,2,PERFUMARIA,2018-10-14,10
5,BELEZA NA WEB,4,SOLAR,2018-9-8,11
1,BOTICÁRIO,3,MAQUIAGEM,2018-4-21,18
4,VULT,3,MAQUIAGEM,2018-6-30,6
